surface,url,http,desktop,mobile,note
host,https://ophis.fi/,200,,,API roots may intentionally return 404; www redirects to apex
host,https://docs.ophis.fi/,200,,,API roots may intentionally return 404; www redirects to apex
host,https://unichain-mainnet.ophis.fi/,404,,,API roots may intentionally return 404; www redirects to apex
host,https://explorer.ophis.fi/,200,,,API roots may intentionally return 404; www redirects to apex
host,https://optimism-mainnet.ophis.fi/,200,,,API roots may intentionally return 404; www redirects to apex
host,https://rebates.ophis.fi/,200,,,API roots may intentionally return 404; www redirects to apex
host,https://swap.ophis.fi/,200,,,API roots may intentionally return 404; www redirects to apex
host,https://mcp.ophis.fi/,200,,,API roots may intentionally return 404; www redirects to apex
host,https://compat.ophis.fi/,404,,,API roots may intentionally return 404; www redirects to apex
host,https://arc-mainnet.ophis.fi/,404,,,API roots may intentionally return 404; www redirects to apex
host,https://safe.ophis.fi/,200,,,API roots may intentionally return 404; www redirects to apex
host,https://business.ophis.fi/,200,,,API roots may intentionally return 404; www redirects to apex
host,https://robinhood-mainnet.ophis.fi/,404,,,API roots may intentionally return 404; www redirects to apex
host,https://www.ophis.fi/,200,,,API roots may intentionally return 404; www redirects to apex
static,https://docs.ophis.fi/,200,visited,visited,
static,https://business.ophis.fi/,200,visited,visited,
static,https://docs.ophis.fi/affiliate/,200,visited,visited,
static,https://docs.ophis.fi/agent-btc-cookbook/,200,visited,visited,
static,https://docs.ophis.fi/agent-wallet-policies/,200,visited,visited,
static,https://docs.ophis.fi/agent-swap-comparison/,200,visited,visited,
static,https://docs.ophis.fi/ai-agents/,200,visited,visited,
static,https://docs.ophis.fi/audits/,200,visited,visited,
static,https://docs.ophis.fi/architecture/,200,visited,visited,
static,https://docs.ophis.fi/comparison/,200,visited,visited,
static,https://docs.ophis.fi/faq/,200,visited,visited,
static,https://docs.ophis.fi/fees/,200,visited,visited,
static,https://docs.ophis.fi/getting-started/,200,visited,visited,
static,https://docs.ophis.fi/intent-api/,200,visited,visited,
static,https://docs.ophis.fi/migrating-from-odos/,200,visited,visited,
static,https://docs.ophis.fi/networks-assets/,200,visited,visited,
static,https://docs.ophis.fi/partners/,200,visited,visited,
static,https://docs.ophis.fi/status/,200,visited,visited,
static,https://docs.ophis.fi/trade-rewards/,200,visited,visited,
static,https://docs.ophis.fi/vault-managers/,200,visited,visited,
static,https://docs.ophis.fi/widget/,200,visited,visited,
static,https://explorer.ophis.fi/,200,visited,visited,
static,https://ophis.fi/ai-agent-crypto-swap-api/,200,visited,visited,
static,https://ophis.fi/,200,visited,visited,
static,https://ophis.fi/blog/,200,visited,visited,
static,https://ophis.fi/blog/ai-agent-swaps-goat-agentkit/,200,visited,visited,
static,https://ophis.fi/blog/coinbase-tokenized-stocks-on-base/,200,visited,visited,
static,https://ophis.fi/blog/crosschain-swap/,200,visited,visited,
static,https://ophis.fi/blog/defi-on-robinhood-chain/,200,visited,visited,
static,https://ophis.fi/blog/dex-aggregator-robinhood/,200,visited,visited,
static,https://ophis.fi/blog/finite-trade-rewards/,200,visited,visited,
static,https://ophis.fi/blog/gasless-swaps-how-intents-work/,200,visited,visited,
static,https://ophis.fi/blog/how-to-swap-on-optimism/,200,visited,visited,
static,https://ophis.fi/blog/how-to-swap-on-unichain/,200,visited,visited,
static,https://ophis.fi/blog/let-an-ai-agent-swap-tokens/,200,visited,visited,
static,https://ophis.fi/blog/mev-protection-batch-auctions/,200,visited,visited,
static,https://ophis.fi/blog/ophis-vs-cow-swap/,200,visited,visited,
static,https://ophis.fi/blog/solver-aligned-pricing/,200,visited,visited,
static,https://ophis.fi/blog/stock-tokens-tokenized-stocks/,200,visited,visited,
static,https://ophis.fi/blog/swap-on-arc/,200,visited,visited,
static,https://ophis.fi/blog/swap-on-robinhood-chain/,200,visited,visited,
static,https://ophis.fi/learn/,200,visited,visited,
static,https://ophis.fi/learn/ai-agent-custody/,200,visited,visited,
static,https://ophis.fi/learn/ai-agent-token-swaps/,200,visited,visited,
static,https://ophis.fi/learn/api-keys-vs-wallet-signatures/,200,visited,visited,
static,https://ophis.fi/learn/coincidence-of-wants/,200,visited,visited,
static,https://ophis.fi/learn/intent-based-dex-aggregator/,200,visited,visited,
static,https://ophis.fi/learn/mcp-server-for-trading/,200,visited,visited,
static,https://ophis.fi/learn/mev-blockers-vs-batch-auctions/,200,visited,visited,
static,https://ophis.fi/learn/mev-protected-swaps/,200,visited,visited,
static,https://ophis.fi/learn/slippage-vs-signed-limit/,200,visited,visited,
static,https://ophis.fi/learn/what-is-a-sandwich-attack/,200,visited,visited,
static,https://ophis.fi/learn/what-is-a-solver/,200,visited,visited,
static,https://ophis.fi/learn/what-is-eip-712/,200,visited,visited,
static,https://ophis.fi/learn/what-is-surplus/,200,visited,visited,
static,https://ophis.fi/migrate/odos-api/,200,visited,visited,
static,https://ophis.fi/pricing/,200,visited,visited,
static,https://ophis.fi/security/,200,visited,visited,
static,https://ophis.fi/stablecoin-swaps/,200,visited,visited,
static,https://ophis.fi/supported-chains/,200,visited,visited,
static,https://ophis.fi/swap/robinhood-chain/,200,visited,visited,
static,https://ophis.fi/tokenized-stocks-rwa/,200,visited,visited,
static,https://explorer.ophis.fi/arc,200,visited,visited,
static,https://safe.ophis.fi/,200,visited,visited,
static,https://swap.ophis.fi/robinhood-chain/,200,visited,visited,
static,https://swap.ophis.fi/,200,visited,visited,
spa-isolated,https://swap.ophis.fi/#/,200,visited,visited,
spa-isolated,https://swap.ophis.fi/#/swap,200,visited,visited,
spa-isolated,https://swap.ophis.fi/#/1/swap,200,visited,visited,
spa-isolated,https://swap.ophis.fi/#/10/swap,200,visited,visited,
spa-isolated,https://swap.ophis.fi/#/130/swap,200,visited,visited,
spa-isolated,https://swap.ophis.fi/#/4663/swap,200,visited,visited,
spa-isolated,https://swap.ophis.fi/#/5042/swap,200,visited,visited,
spa-isolated,https://swap.ophis.fi/#/limit,200,visited,visited,
spa-isolated,https://swap.ophis.fi/#/advanced,200,visited,visited,
spa-isolated,https://swap.ophis.fi/#/swap/hooks,200,visited,visited,
spa-isolated,https://swap.ophis.fi/#/yield,200,visited,visited,
spa-isolated,https://swap.ophis.fi/#/bridge,200,visited,visited,
spa-isolated,https://swap.ophis.fi/#/account,200,visited,visited,
spa-isolated,https://swap.ophis.fi/#/account/tokens,200,visited,visited,
spa-isolated,https://swap.ophis.fi/#/1/account-proxy,200,visited,visited,
spa-isolated,https://swap.ophis.fi/#/1/account-proxy/help,200,visited,visited,
spa-isolated,https://swap.ophis.fi/#/profile,200,visited,visited,
spa-isolated,https://swap.ophis.fi/#/affiliate,200,visited,visited,
spa-isolated,https://swap.ophis.fi/#/leaderboard,200,visited,visited,
spa-isolated,https://swap.ophis.fi/#/partner,200,visited,visited,
spa-isolated,https://swap.ophis.fi/#/rewards,200,visited,visited,
spa-isolated,https://swap.ophis.fi/#/cash-prize,200,visited,visited,
spa-isolated,https://swap.ophis.fi/#/learn,200,visited,visited,
spa-isolated,https://swap.ophis.fi/#/protocol,200,visited,visited,
spa-isolated,https://swap.ophis.fi/#/about,200,visited,visited,
spa-isolated,https://swap.ophis.fi/#/brand,200,visited,visited,
spa-isolated,https://swap.ophis.fi/#/legal,200,visited,visited,
spa-isolated,https://swap.ophis.fi/#/contact,200,visited,visited,
spa-isolated,https://swap.ophis.fi/#/institutional,200,visited,visited,
spa-isolated,https://swap.ophis.fi/#/docs,200,visited,visited,
spa-isolated,https://swap.ophis.fi/#/faq,200,visited,visited,
spa-isolated,https://swap.ophis.fi/#/otc,200,visited,visited,
spa-isolated,https://swap.ophis.fi/#/otc/not-an-order,200,visited,visited,
spa-isolated,https://swap.ophis.fi/#/otc/143,200,visited,visited,
spa-isolated,https://swap.ophis.fi/#/play/mev-slicer,200,visited,visited,
spa-isolated,https://explorer.ophis.fi/,200,visited,visited,
spa-isolated,https://swap.ophis.fi/#/anyswap-affected-users,200,visited,visited,
spa-isolated,https://swap.ophis.fi/#/unknown-audit-page,200,visited,visited,
spa-isolated,https://explorer.ophis.fi/opt/,200,visited,visited,
spa-isolated,https://explorer.ophis.fi/unichain/,200,visited,visited,
spa-isolated,https://explorer.ophis.fi/robinhood/,200,visited,visited,
spa-isolated,https://explorer.ophis.fi/arc/,200,visited,visited,
spa-isolated,https://explorer.ophis.fi/search/audit-invalid-input,200,visited,visited,
spa-isolated,https://explorer.ophis.fi/address/0x000000000000000000000000000000000000dEaD,200,visited,visited,
spa-isolated,https://explorer.ophis.fi/orders/not-an-order,200,visited,visited,
spa-isolated,https://explorer.ophis.fi/tx/not-a-hash,200,visited,visited,
spa-isolated,https://explorer.ophis.fi/appdata,200,visited,visited,
spa-isolated,https://explorer.ophis.fi/appdata?tab=decode,200,visited,visited,
spa-isolated,https://explorer.ophis.fi/solvers,200,visited,visited,
spa-isolated,https://explorer.ophis.fi/mainnet,200,visited,visited,
spa-isolated,https://explorer.ophis.fi/xdai,200,visited,visited,
spa-isolated,https://explorer.ophis.fi/unknown-audit-page,200,visited,visited,
spa-isolated,https://safe.ophis.fi/,200,visited,visited,
spa-isolated,https://explorer.ophis.fi/opt/orders/0xd4499c394a3662596c4b03a925145faefcf3281097edcd29fbf389ea3a7379e90494f503912c101bfd76b88e4f5d8a33de284d1a6a78c130,200,visited,visited,Confirmed native-image defect; fixed locally
spa-isolated,https://explorer.ophis.fi/opt/orders/0x2f408de66c83b3a43543dccc1dfcd4932ac6163e4bc140ce11f88f1cf78ca1590494f503912c101bfd76b88e4f5d8a33de284d1a6a78ba4e,200,visited,visited,Confirmed native-image defect; fixed locally
spa-isolated,https://explorer.ophis.fi/opt/address/0x0494f503912c101bfd76b88e4f5d8a33de284d1a,200,visited,visited,Confirmed native-image defect; fixed locally
